nome;sigla;responsavel;logo
Abrasiva;ABR;;/teams/abrasiva.webp
Aguerrida;AGU;;
Compressora;COM;;/teams/compressora.webp
Devoradora;DEV;;
Engenhosa;ENG;;/teams/engenhosa.webp
Furiosa;FUR;;/teams/furiosa.webp
Halterada;HAL;;/teams/halterada.webp
Halterada 1;HA1;;/teams/halterada.webp
Halterada 2;HA2;;/teams/halterada.webp
Halterada A;HAA;;/teams/halterada.webp
Halterada B;HAB;;/teams/halterada.webp
Incinera;INC;;/teams/incinera.webp
Inquisidores;INQ;;/teams/inquisidores.webp
Kinesis;KIN;;/teams/kinesis.webp
Leões do Norte;LEO;;
Mafiosa;MAF;;/teams/mafiosa.webp
Manguezal;MAN;;/teams/manguezal.webp
Predadora;PRE;;/teams/predadora.webp
Tormenta;TOR;;/teams/tormenta.webp
Tubarões;TUB;;/teams/tubaroes.webp
