,,,,,
,,,,,
,,,,,
,,,,,
,Data,Horário,Grupo,Jogo / Confronto,Fase
,12/10/2026,08:00:00,Grupo A,Inquisidores × Engenhosa,Fase Classificatória
,12/10/2026,08:40:00,Grupo B,Abrasiva × Compressora,Fase Classificatória
,12/10/2026,09:20:00,Grupo C,Mafiosa × Furiosa,Fase Classificatória
,12/10/2026,10:00:00,Grupo A,Halterada x Inquisidores,Fase Classificatória
,12/10/2026,10:40:00,Grupo B,Compressora × Incinera,Fase Classificatória
,12/10/2026,11:20:00,Grupo C,Furiosa × Manguezal,Fase Classificatória
,12/10/2026,12:00:00,Grupo A,Halterada × Engenhosa,Fase Classificatória
,12/10/2026,12:40:00,Grupo B,Abrasiva × Incinera,Fase Classificatória
,12/10/2026,13:20:00,Grupo C,Mafiosa × Manguezal,Fase Classificatória
,12/10/2026,14:00:00,Semifinal,1 GRUPO A X 2º GERAL,Semifinal 1
,12/10/2026,14:40:00,Semifinal,1 GRUPO B X 1 GRUPO C,Semifinal 2
,12/10/2026,15:20:00,Disputa 3º,Perdedor SF1 × Perdedor SF2,Disputa de 3º lugar
,12/10/2026,16:00:00,Final,Vencedor SF1 × Vencedor SF2,Final