,,,,,,,,
,,,,,,,,
,,,,,,,,
,,,Data,Horário,Local do jogo,Grupo,Jogo / Confronto,Fase
,,,12/10/2026,08:00,A definir,Grupo A,Tormenta x Abrasiva,Fase Classificatória
,,,12/10/2026,A SEGUIR,A definir,Grupo B,Halterada 2 × Devoradora,Fase Classificatória
,,,12/10/2026,A SEGUIR,A definir,Grupo C,Engenhosa × Predadora,Fase Classificatória
,,,12/10/2026,A SEGUIR,A definir,Grupo D,Tubarões × Furiosa,Fase Classificatória
,,,12/10/2026,A SEGUIR,A definir,Grupo A,Halterada 1 × Abrasiva,Fase Classificatória
,,,12/10/2026,A SEGUIR,A definir,Grupo B,Halterada 2 × Incinera,Fase Classificatória
,,,12/10/2026,A SEGUIR,A definir,Grupo C,Engenhosa × Mafiosa,Fase Classificatória
,,,12/10/2026,A SEGUIR,A definir,Grupo D,Tubarões × Compressora,Fase Classificatória
,,,12/10/2026,A SEGUIR,A definir,Grupo A,Halterada 1 × Aguerrida,Fase Classificatória
,,,12/10/2026,A SEGUIR,A definir,Grupo B,Devoradora × Incinera,Fase Classificatória
,,,12/10/2026,A SEGUIR,A definir,Grupo A,Tormenta × Aguerrida,Fase Classificatória
,,,12/10/2026,A SEGUIR,A definir,Grupo C,Predadora × Mafiosa,Fase Classificatória
,,,12/10/2026,A SEGUIR,A definir,Grupo A,Halterada 1 × Tormenta,Fase Classificatória
,,,12/10/2026,A SEGUIR,A definir,Grupo D,Furiosa × Compressora,Fase Classificatória
,,,12/10/2026,A SEGUIR,A definir,Grupo A,Abrasiva × Aguerrida,Fase Classificatória
,,,12/10/2026,A SEGUIR,A definir,—,1º Grupo A × 2º Grupo B,Quartas de Final
,,,12/10/2026,A SEGUIR,A definir,—,1º Grupo B × 2º Grupo A,Quartas de Final
,,,12/10/2026,A SEGUIR,A definir,—,1º Grupo C × 2º Grupo D,Quartas de Final
,,,12/10/2026,A SEGUIR,A definir,—,1º Grupo D × 2º Grupo C,Quartas de Final
,,,12/10/2026,A SEGUIR,A definir,—,Vencedor QF1 × Vencedor QF3,Semifinal
,,,12/10/2026,A SEGUIR,A definir,—,Vencedor QF2 × Vencedor QF4,Semifinal
,,,12/10/2026,A SEGUIR,A definir,—,Perdedor SF1 × Perdedor SF2,Disputa de 3º lugar
,,,12/10/2026,A SEGUIR,A definir,—,Vencedor SF1 × Vencedor SF2,Final