,,,,,,,,,,
,,,,,,,,,,
,,,,,,,,,,
,,,,,,,,,,
,,,,,,,,,,
,,,,,,,,,,
,,,,,,,,,,
,,,,,,,,,,
,,,,,,,,,,
,,,,,,,,,,
,,,,,Data,Horário,Local do jogo,Grupo,Jogo / Confronto,Fase
,,,,,11/10/2026,13:00,A definir,ÚNICO,Halterada x Furiosa,Fase Classificatória
,,,,,11/10/2026,A SEGUIR,A definir,ÚNICO,PERDEDOR J1 X Compressora,Fase Classificatória
,,,,,11/10/2026,A SEGUIR,A definir,ÚNICO,VENCEDOR J1 X Compressora,Fase Classificatória
,,,,,11/10/2026,A SEGUIR,A definir,FINAL,Melhor Classificado x 2 Melhor Classificado,FINAL