,,,,,,,
,,,,,,,
,,,,,,,
,,,,,,,
,,,,,,,
,Data,Horário,Jogo,Grupo Único,Equipe 1,x,Equipe 2
,10/10,13:00,1,Único,Halterada,x,Furiosa
,10/10,13:30,2,Único,Compressora,x,Leões do Norte
,10/10,14:00,3,Único,Halterada,x,Engenhosa
,10/10,14:30,4,Único,Furiosa,x,Compressora
,10/10,15:00,5,Único,Leões do Norte,x,Engenhosa
,10/10,15:30,6,Único,Halterada,x,Compressora
,10/10,16:00,7,Único,Furiosa,x,Leões do Norte
,10/10,16:30,8,Único,Compressora,x,Engenhosa
,10/10,17:00,9,Único,Halterada,x,Leões do Norte
,10/10,17:30,10,Único,Furiosa,x,Engenhosa
,10/10,18:00,11,Único,1 LUGAR GERAL,x,2 LUGAR GERAL