,,,,
,,,,
,,,,
,,,,
,Horário,Jogo,Grupo,Confronto
,09:00,Jogo 1,A,HALTERADA A vs DEVORADORA
,A SEGUIR,Jogo 2 ,A,KINESIS vs COMPRESSORA
,A SEGUIR,Jogo 3,B,HALTERADA B vs INCINERA
,A SEGUIR,Jogo 4,B,INQUISIDORES vs FURIOSA
,A SEGUIR,Jogo 5,A,DEVORADORA vs KINESIS
,A SEGUIR,Jogo 6,A,FURIOSA vs HALTERADA B
,A SEGUIR,Jogo 7,B,INCINERA vs INQUISIDORES
,A SEGUIR,Jogo 8,B,COMPRESSORA vs HALTERADA A
,A SEGUIR,Jogo 9,A,HALTERADA A vs KINESIS
,A SEGUIR ,Jogo 10,A,COMPRESSORA vs DEVORADORA
,A SEGUIR,Jogo 11,B,HALTERADA B vs INQUISIDORES
,A SEGUIR,Jogo 12,B,FURIOSA vs INCINERA
,A SEGUIR,Jogo 13,SEMI-FINAL ,1 GRUPO A x 2 GRUPO B
,A SEGUIR,Jogo 14,SEMI-FINAL ,1 GRUPO B x 2 GRUPO A
,A SEGUIR ,Jogo 15,DISPUTA DE 3,Perdedor J13 X Perdedor J14
,A SEGUIR,Jogo 16,FINAL,Vencedor J13 x Vencedor J14